{"cameraMode":{"drawMode":0,"name":"Shaded","section":"Shading Mode"},"sceneLighting":false,"audioPlay":false,"sceneViewState":{"m_AlwaysRefresh":false,"showFog":true,"showSkybox":false,"showFlares":true,"showImageEffects":true,"showParticleSystems":true,"showVisualEffectGraphs":true,"m_FxEnabled":true},"in2DMode":false,"pivot":{"x":-0.00011524837464094162,"y":-0.0840347558259964,"z":0.013884037733078003},"rotation":{"x":0.17278604209423066,"y":0.7217246890068054,"z":-0.19439703226089478,"w":0.6414770483970642},"size":0.11082834005355835,"orthographic":false}